Species,Habit,Diet,Origin,Lineage,JL_log10_res,HLRA_log10_res,HLV_log10_res,HWLSL_log10_res,HWFSL_log10_res,HW_log10_res,HHP_log10_res,HH_log10_res,ES_log10_res,EN_log10_res,ED_log10_res,NL_log10_res,EL_log10_res,NN_log10_res,EE_log10_res,BWH_log10_res,BWM_log10_res,BWV_log10_res,MBVL_log10_res,TL_log10_res,DSR_res
Adelophis_foxi,Burrowing,annelids,American,North-Central American,-0.084565367,-0.0816008,-0.059635919,-0.065315621,-0.031066593,-0.062056032,-0.049133755,-0.018860867,-0.046206621,0.014032043,-0.059933742,-0.09093564,-0.053276666,-0.1560258,-0.070095042,-0.021041704,0.070410515,0.054967154,0.079421351,0.084061149,-0.742668129
Afronatrix_anoscopus_2,Aquatic,aquatic generalist,African,African,-0.003153067,-0.007876951,-0.010323352,0.054805805,-0.035477053,0.054295747,0.039652985,0.066459765,0.003597808,-0.002029009,-0.057938684,0.03329862,0.047220016,-0.069307726,-0.021015525,0.077328657,0.087364876,0.075716253,0.056029538,0.022696998,4.468066604
Amphiesma_beddomei,Terrestrial,anurans,Asian,Asian I,-0.023532894,-0.023314952,-0.022730531,-0.028355678,-0.032587201,-0.021613766,-0.052158392,-0.061112061,-0.027644002,-0.016994408,0.063416327,-0.007142567,-0.016807469,0.022394542,-0.023606386,-0.079837667,-0.082351528,-0.047445141,-0.043972189,0.056999934,0.480971571
Amphiesma_monticola,Terrestrial,anurans,Asian,Asian I,0.044079032,0.021061186,0.01565396,0.006537937,0.062429536,0.020356306,4.63E-04,-7.57E-04,0.064654006,0.059213658,0.13933299,0.013355501,0.047183579,0.047082789,0.019667794,-0.038060174,-0.049004397,-2.57E-04,0.00179067,0.138242472,0.535164614
Amphiesma_stolatum,Terrestrial,generalist,Asian,Asian I,0.014475167,0.017042466,-0.007100233,0.008993352,0.13779002,-0.001693928,0.019331207,0.038066191,0.0312165,0.006828065,0.057564353,0.123274208,0.163079577,-0.096930492,-0.112984798,0.054684396,-0.025919136,-0.050821333,0.039539627,0.100613348,0.211867224
Amphiesma_stolatum_1,Terrestrial,generalist,Asian,Asian I,0.02621185,0.032085775,0.023284433,0.002279408,0.14909638,0.004682375,0.045155849,0.011665274,0.030474471,1.16E-04,0.089210908,0.032591093,0.038283601,0.016723421,0.00581358,-0.016175232,-0.019755141,-0.022971511,-0.01231083,0.109633647,0.597732991
Amphiesma_stolatum_2,Terrestrial,generalist,Asian,Asian I,0.056929407,0.054495245,0.051271254,0.037544169,0.133985649,0.053780295,0.048487444,0.061875613,0.066309244,0.009754937,0.130349886,0.070384143,0.08766659,0.059367983,0.031406797,0.034568108,0.032806047,0.003022301,0.051768846,0.140659574,1.148994209
Amphiesma_stolatum_3,Terrestrial,generalist,Asian,Asian I,0.025911869,0.041811558,0.012912062,0.022423788,0.07712176,0.019870184,0.017545584,0.058402261,0.020338836,-0.002032318,0.092137943,0.051549778,0.06883928,0.00799317,0.018064385,5.53E-04,-0.008521656,0.003715268,0.048628123,0.127515298,0.624492404
Amphiesma_stolatum_WII,Terrestrial,generalist,Asian,Asian I,0.013614325,0.015955514,-0.027221178,0.017155878,0.11884339,0.004860248,0.005473091,-0.003384975,-0.00305986,0.004389838,0.08634733,-0.005331046,0.025632175,0.019929954,0.009812148,-0.044046733,-0.03871047,-0.097960141,-0.027987824,0.116387159,0.828929514
Amphiesmoides_ornaticeps,Semiaquatic,anurans,Asian,Asian VI,-0.108781869,-0.116599637,-0.125564755,-0.174701941,-0.028408298,-0.150747028,-0.12286065,-0.150988351,-0.068529944,-0.090593425,0.065243242,-0.233149495,-0.163390887,0.027185667,-0.06253374,-0.238640952,-0.104872116,-0.055014766,-0.147755362,0.23142517,-0.557490897
Aspidura_brachyorrhos,Burrowing,annelids,Asian,Asian III,-0.052385592,-0.064369898,-0.016658251,-0.071288927,-0.271361791,-0.081698334,-0.007614749,-0.029009746,-0.018917995,0.111552259,-0.254004636,-0.254150089,-0.120437881,-0.217527115,-0.074641928,0.033441508,-0.008498613,0.023502203,-0.015698899,-0.249195656,-0.280960212
Aspidura_ceylonensis,Burrowing,annelids,Asian,Asian III,-0.135269918,-0.10674415,-0.073877085,-0.138647815,-0.276824295,-0.154458684,-0.097051803,-0.128184418,-0.072136611,0.014048709,-0.229160992,-0.279412907,-0.151568787,-0.20675917,-0.122270651,-0.076039398,-0.136937917,-0.038213953,-0.105156789,-0.122340714,-0.823625278
Aspidura_copei,Burrowing,unknown,Asian,Asian III,0.048380367,0.074338098,0.043812712,0.017793389,-0.251007416,0.009238217,0.041967524,0.086155973,0.065476518,0.206260533,-0.152978886,-0.223463986,-0.119911531,-0.389240836,-0.047014707,0.089915267,0.062992098,0.05825354,0.017602748,-0.141078064,-1.058128323
Aspidura_drummondhayi,Burrowing,annelids,Asian,Asian III,0.028136421,0.034226402,0.009172278,0.019023026,-0.413913772,0.024548948,0.055118065,0.081484386,0.075549303,0.175871607,-0.177031186,-0.306618414,-0.113597519,-0.365927867,-0.129372512,0.124260165,0.12352733,0.14401729,0.03397008,-0.2394318,-1.347575963
Aspidura_guentheri,Burrowing,annelids,Asian,Asian III,0.002409819,0.034819789,0.028127902,0.047811699,-0.308131441,0.057834157,0.099331905,0.09377553,0.026328313,0.141884375,-0.176218661,-0.149701107,-0.042254454,-0.292363689,-0.071236113,0.154241493,0.113499037,0.15931537,0.049799756,-0.136339668,1.953458312
Aspidura_trachyprocta,Burrowing,annelids,Asian,Asian III,-0.051886845,-0.039854964,-0.017225577,-0.060533301,-0.354285319,-0.064453109,0.01207504,-0.009157627,-0.034261563,0.105125794,-0.206993708,-0.3166169,-0.129793929,-0.314788145,-0.108960236,0.062653728,0.039804838,0.041117255,0.015321145,-0.439690838,-2.549824946
Atretium_schistosum_2,Aquatic,aquatic generalist,Asian,Asian I,0.003248193,0.02340544,0.02430792,0.026291481,0.011780109,0.027988564,0.009308473,0.030675544,-0.03950872,-0.035997009,0.003373122,0.060776304,0.007553712,-0.070591742,0.021061374,0.034883921,0.020406489,0.064354344,0.022275653,0.080313427,0.08813434
Blythia_reticulata,Burrowing,annelids,Asian,Asian I,-0.073963997,-0.072015878,-0.032344637,-0.084615902,-0.236450191,-0.089756961,-0.050688846,-0.075134165,-0.06262276,0.025114745,-0.191729489,-0.302606431,-0.15827657,-0.092792265,-0.06903707,-0.01153815,-0.019999895,-0.003032835,-0.045376824,-0.30157705,-4.772216909
Clonophis_kirtlandii,Semiaquatic,generalist,American,North-Central American,-0.010416042,-0.005312048,0.005480377,0.00843913,0.119882929,-0.006142859,0.002052012,0.0157226,-0.028300566,-0.039129132,-0.025502444,0.038411413,-0.002686567,0.11309194,0.004541975,0.067712229,0.085911904,0.103277631,0.083413187,-0.048617493,0.842235472
Fowlea_asperrimus,Aquatic,aquatic generalist,Asian,Asian I,0.102924448,0.117612359,0.099337698,0.133849549,0.057919593,0.131010886,0.111485438,0.146703789,0.109523535,0.142123696,0.073997586,0.153438799,0.158002896,0.045314696,0.100292126,0.140377088,0.117283332,0.074184642,0.083243215,0.131435896,0.010098499
Fowlea_flavipunctatus,Aquatic,aquatic generalist,Asian,Asian I,0.088118804,0.086475337,0.066064108,0.076435378,0.151733315,0.079302062,0.103892701,0.126261213,0.075518237,0.080903861,0.091073122,0.122322175,0.143418817,-9.80E-04,0.073464327,0.126430277,0.124755333,0.122684025,0.139181407,0.143366696,0.232957167
Fowlea_flavipunctatus_1,Aquatic,aquatic generalist,Asian,Asian I,0.093841105,0.113808142,0.076475558,0.084640733,0.152166182,0.096820682,0.124698424,0.154614005,0.077108447,0.089765337,0.107400863,0.126427042,0.121866252,-0.00907562,0.078850882,0.141999828,0.101001827,0.117557899,0.149220496,0.149707635,0.344892814
Fowlea_flavipunctatus_2,Aquatic,aquatic generalist,Asian,Asian I,0.107952674,0.098455931,0.076970295,0.126372265,0.164724904,0.104119781,0.161061823,0.163191444,0.071852533,0.099571916,0.084557032,0.148478294,0.125970589,0.001780161,0.072178445,0.127812672,0.156113321,0.143981519,0.157635514,0.249220496,0.565826723
Fowlea_melanzostus,Aquatic,aquatic generalist,Asian,Asian I,0.044260948,0.058055716,0.045890503,0.07776588,0.028181173,0.071856979,0.076551125,0.079904454,0.034211686,0.062898395,0.027482531,0.087238108,0.089363092,-0.036671342,0.03183108,0.104184064,0.079315476,0.066174941,0.052541058,0.055817711,-0.526026356
Fowlea_piscator_2,Aquatic,aquatic generalist,Asian,Asian I,0.048230252,0.071514812,0.02400186,0.050399342,0.002375462,0.050217166,0.03854319,0.065568956,0.045052715,0.068549738,0.015306335,0.075709884,0.046125559,-0.062173916,0.049526936,0.05927781,0.050456714,0.08530988,0.021299149,0.103215153,-0.303231111
Fowlea_punctulatus,Aquatic,unknown,Asian,Asian I,-0.003266496,0.029623605,0.023163899,0.043591391,0.011448253,0.028979002,0.014718624,0.002611896,0.02372237,0.070058811,0.005705805,0.065259995,0.02565976,-0.001330845,0.04563855,0.04615626,0.05691842,0.050517672,0.009120362,0.074486344,-1.954701733
Fowlea_sanctijohannis,Aquatic,aquatic generalist,Asian,Asian I,0.082273399,0.079258613,0.067144123,0.066928109,0.051511685,0.059897721,0.039877827,0.077855605,0.069035916,0.079263159,0.067579176,0.141598199,0.089326373,-0.019665933,0.067996111,0.02841154,0.030516727,0.048726326,0.048597088,0.183463123,0.309931381
Fowlea_schnurrenbergeri,Aquatic,aquatic generalist,Asian,Asian I,-0.004631673,0.01579101,0.012040585,0.040403999,0.003364299,0.041593774,0.109021157,0.040418209,-0.002039812,0.031947785,-0.023972717,0.015808853,0.04620018,-0.074829517,0.030428501,0.107194604,0.061262331,0.057953547,0.050413926,-0.056585106,-0.472094901
Fowlea_sp2,Aquatic,aquatic generalist,Asian,Asian I,0.043524542,0.069563243,0.041890111,0.125992791,0.015209608,0.120975181,0.098505861,0.086308266,0.059429364,0.079368904,0.018451859,0.107756755,0.084625505,-0.04173072,0.040697768,0.124847084,0.099616552,0.103655934,0.052040741,0.167483851,-0.718778532
Fowlea_tytleri,Aquatic,aquatic generalist,Asian,Asian I,0.056633117,0.097378424,0.05078256,0.095806607,0.045359316,0.081303991,0.08311044,0.097284154,0.067486713,0.096705157,0.041342544,0.098333424,0.097460537,-0.05789909,0.041435001,0.081313602,0.014046391,0.044457827,0.034493919,0.084666964,-0.743449421
Fowlea_yunnanensis,Aquatic,aquatic generalist,Asian,Asian I,0.054021779,0.073055538,0.059253485,0.091158094,0.033370368,0.07563379,0.086437379,0.107965092,0.065023371,0.083467911,0.074896998,0.103648283,0.09583992,0.009281576,0.024727629,0.0823018,0.02396065,0.007960285,-0.010623193,0.136181072,0.100918259
Haldea_striatula,Burrowing,annelids,American,North-Central American,-0.025346364,-0.022562235,-0.033066474,-0.005694989,-0.070009319,-0.016536543,0.027184716,-0.001040268,0.006350973,0.093415838,-0.032232434,-0.119401097,-0.021856703,-0.153642639,-0.052764753,0.025098583,0.024124159,0.052277782,0.019542592,-0.066668414,0.704455559
Hebius_annamensis,Semiaquatic,unknown,Asian,Asian II,-0.020732705,-0.012643962,-0.032985908,0.03873289,0.036782984,0.027893433,-0.027880185,-0.056581595,0.008132403,0.030836195,-0.173279414,0.053024348,-0.031382502,0.054655275,0.002045708,0.0192268,-0.074722012,0.024292907,-0.01595088,0.280152618,-2.667949808
Hebius_atemporale_1,Terrestrial,unknown,Asian,Asian II,-0.00844161,-0.009087338,-0.011173758,0.013442958,0.063025735,0.008995085,-0.003257248,-0.039650247,-0.01709881,-0.058736972,0.047981828,0.046616314,0.002578725,0.136018127,0.043006878,-0.054359706,-0.01587159,-0.006427287,-0.004243258,0.220569525,-0.153593845
Hebius_bitaeniatum_4,Terrestrial,anurans,Asian,Asian II,-0.031231694,-0.032716587,-0.037534071,-0.06201338,-0.017088606,-0.051703457,-0.085410492,-0.082164328,-0.057578335,-0.078045858,0.001125064,-0.060286843,-0.08548588,0.017901572,-0.033167817,-0.10011378,-0.115465282,-0.102413427,-0.097647107,0.106540996,0.251670258
Hebius_boulengeri_2,Terrestrial,unknown,Asian,Asian II,1.96E-04,-0.024271044,-0.04788321,0.018865565,-0.033619838,0.021706774,-0.016324636,-0.079925516,-9.19E-04,-0.016939228,-0.008868906,-0.028986227,-0.085025965,0.045977936,-0.010898101,-0.064993076,-0.052320064,-0.022693272,-0.089017584,NA,0.486624581
Hebius_celabicus,Semiaquatic,unknown,Asian,Asian II,-0.055383429,-0.031777534,-0.04526646,-0.033292549,0.038487785,-0.02529922,-0.044096875,-0.032829405,-0.085108087,-0.087828369,-0.03280413,-0.081171365,-0.092871646,0.058805961,-0.005352758,-0.042647449,-0.062836874,-0.055078006,-0.027063225,-0.006678946,-3.015783074
Hebius_chapaensis,Semiaquatic,unknown,Asian,Asian II,-0.09751578,-0.100304959,-0.081758873,-0.087519198,-0.053048157,-0.093180969,-0.101799773,-0.147186012,-0.063392366,-0.070397534,-0.141772731,-0.105386046,-0.165521918,-0.009534702,-0.042635103,-0.111268725,-0.064894199,-0.04069285,-0.124891625,NA,-2.201400454
Hebius_clerki,Semiaquatic,unknown,Asian,Asian II,-0.024405198,-0.075436849,-0.080231268,-0.069328013,-0.08687707,-0.07000678,-0.084224864,-0.118449251,-0.124969038,-0.096278058,-0.028924636,-0.106672717,-0.146620096,-0.047962974,-0.050705833,-0.192185742,-0.191542628,-0.109259998,-0.135143124,0.103085483,-0.180069603
Hebius_craspedogaster_2,Semiaquatic,anurans,Asian,Asian II,-0.010013463,-0.019120115,-0.045231285,-0.068009601,-0.001084008,-0.048359609,-0.058168457,-0.03250588,-0.023502442,-0.086454607,0.117498384,0.00818844,-0.004462719,0.071603055,-0.005843724,-0.13283835,-0.061502634,-0.077880898,-0.128654905,0.194032251,0.796951694
Hebius_flavifrons,Semiaquatic,generalist,Asian,Asian II,0.023492299,-0.00524148,0.007142298,0.002639722,0.031434937,0.011353079,-0.009954698,-0.007799901,0.025514962,0.028144353,0.124128858,0.048673748,0.049237003,0.079583907,0.054920944,-0.08108357,-0.065381058,-0.059021322,-0.00537972,0.290800651,1.411045402
Hebius_groundwateri,Semiaquatic,unknown,Asian,Asian II,-0.009425909,-0.039139902,-0.006895577,0.020158335,-0.046551752,-0.001844884,-0.091857847,-0.088123831,0.020028181,0.031959256,-0.090218985,0.042063532,-0.047307085,0.084299815,-0.015788786,-0.026881056,0.0230116,-0.02128679,-0.018794597,0.349219009,1.528335629
Hebius_inas,Semiaquatic,unknown,Asian,Asian II,0.012422873,0.003630103,-0.009104836,-0.010076107,-0.017419167,0.011148197,-0.04391585,-0.04865026,0.006084487,-0.014522082,0.057149139,-0.026537839,-0.054431832,0.053397961,-0.021064297,-0.072765595,-0.104959662,-0.053999007,-0.105631888,0.277092838,0.944690893
Hebius_johannis,Semiaquatic,fish,Asian,Asian II,-0.038236675,-0.043796567,-0.06464375,-0.03194468,-0.013722105,-0.037201641,-0.050907896,-0.060725194,-0.045308196,-0.035858519,-0.046551448,-0.015795729,-0.098505869,-0.023310964,-0.055194726,-0.069446819,-0.025399256,-0.072270757,-0.098407279,NA,-0.084605632
Hebius_khasiense_1,Semiaquatic,generalist,Asian,Asian II,-0.030407646,-0.037935292,-0.044821119,-0.048882303,-0.050561633,-0.036777369,-0.07679491,-0.089004481,-0.051138666,-0.042447872,-8.73E-04,-0.044067337,-0.094943549,0.010807308,-0.04415428,-0.118346043,-0.103982441,-0.083486026,-0.094442464,0.229144679,0.960366968
Hebius_metusium,Semiaquatic,unknown,Asian,Asian II,-0.078811561,-0.071620268,-0.097314934,-0.131828851,-0.083185272,-0.134367181,-0.116444444,-0.117384777,-0.073092133,-0.064673127,-0.020175597,-0.136729708,-0.116102801,-0.017193462,-0.085765182,-0.127494744,-0.111433723,-0.001093001,-0.100978508,0.077996792,-2.354583027
Hebius_modestum,Terrestrial,anurans,Asian,Asian II,-0.008480061,-0.014835273,-0.023353429,-0.013668978,-0.022410318,-0.002902676,-0.034695879,-0.051152541,-0.026834713,-0.006545125,-0.036792007,0.009441585,-0.049302662,0.041070486,-0.024139417,-0.053105246,-0.027990233,-0.009070131,-0.054726687,0.208443355,0.619882643
Hebius_octolineatum_3,Terrestrial,anurans,Asian,Asian II,-0.014390998,-0.024950153,-0.021622298,-0.033972061,-2.73E-04,-0.023503166,-0.040670082,-0.0220563,-0.016885824,-0.03245601,0.021744633,-1.43E-04,-0.028191206,5.19E-05,-0.027743515,-0.055611547,-0.067645549,-0.034255246,-0.058070776,0.028104437,0.18368636
Hebius_optatum_1,Semiaquatic,fish,Asian,Asian II,-0.028235388,-0.026377303,-0.034483746,-0.14372442,-0.055669636,-0.12881183,-0.105022827,-0.078480473,-0.029541651,-0.058102657,0.097149267,-0.046162395,-0.080893979,0.025632483,-0.001158773,-0.207758802,-0.122246013,-0.125713732,-0.143670724,NA,0.513591706
Hebius_parallelum,Semiaquatic,generalist,Asian,Asian II,-0.008293787,-0.018865259,-0.028683875,-0.037174541,0.021699649,-0.041637841,-0.031689775,8.99E-04,-0.016005478,-0.027013664,0.036054717,0.050041379,-0.004182589,0.014501884,-0.026266661,-0.044720424,-0.080986919,-0.062735578,-0.06538366,0.031736824,0.643526637
Hebius_petersi,Semiaquatic,lizards,Asian,Asian II,0.013412393,0.007701686,-0.003180495,-0.062038245,0.040019007,-0.016288984,-0.009968596,0.008265377,0.022982845,0.00761423,0.11093081,0.022530734,0.053745012,0.077665663,0.028609313,-0.078368472,-0.044512065,-0.048492061,-0.036934889,0.200363113,0.549092195
Hebius_pryeri_2,Semiaquatic,generalist,Asian,Asian II,-0.062589039,-0.073520091,-0.075998722,-0.094156188,-0.131363742,-0.099378444,-0.113835541,-0.07064796,-0.041786676,-0.021788901,0.016618464,-0.177497344,-0.10659741,-0.067155689,-0.017547063,-0.129703704,-0.103605622,-0.139126099,-0.08531136,0.19266429,-0.780668404
Hebius_sanguinea,Semiaquatic,unknown,Asian,Asian II,7.36E-04,-0.076052495,-0.0428131,-0.054188308,-0.036369997,-0.060546524,-0.047851815,-0.122336764,-0.046825221,-0.035141881,-0.03517334,-0.047695798,-0.145412656,-0.023960211,-0.075799248,-0.081342559,-0.084879177,-0.100093435,-0.118867486,0.166414705,0.355494902
Hebius_sarasinorum,Semiaquatic,lizards,Asian,Asian II,0.115372594,0.101834222,0.064796186,0.108541951,0.171862629,0.106055672,0.078639116,0.103258388,0.091281856,0.050017765,0.216408623,0.157064064,0.126740269,0.148047729,0.125489025,0.072965534,0.015263465,0.053254081,0.035405397,0.102514104,-1.459683936
Hebius_sarawacensis,Semiaquatic,generalist,Asian,Asian II,-0.010627264,-0.04296741,-0.067392801,-0.125499333,-0.020220493,-0.058049955,-0.07495615,-0.020924725,-0.057601622,-0.019898728,0.124963986,-0.063193339,0.051811501,-0.001053845,-0.035596195,-0.13327325,-0.158741203,-0.056234834,-0.084779128,0.121537644,-2.061010929
Hebius_sauteri_1,Terrestrial,generalist,Asian,Asian II,-0.007513487,0.025383424,-0.010665603,0.026821678,0.015294718,0.019273815,0.001388908,0.008331822,-0.012572055,-0.05635676,0.070988804,0.004626111,0.033066547,0.04844547,0.015403931,0.003056851,0.016451714,0.032356403,-0.012187455,0.226976071,-0.328079218
Hebius_venningi_2,Semiaquatic,anurans,Asian,Asian II,-0.081323969,-0.073742818,-0.078028319,-0.05631063,-0.075737993,-0.057197807,-0.090854005,-0.149619711,-0.045953189,-0.057222234,-0.106248482,-0.066961104,-0.136351773,0.017590153,-0.082504145,-0.115343977,-0.117370138,-0.030143083,-0.106074842,0.231103427,-1.908266388
Hebius_vibakari_1,Terrestrial,generalist,Asian,Asian II,0.010013725,-0.018897179,0.009097458,-0.030404489,0.031066004,-0.029952395,-0.028533613,-0.050071646,0.001908863,-0.058548511,0.028043504,4.61E-04,-0.016635734,0.058438913,-0.01011817,0.006552263,-0.072684754,0.053898723,-0.093817928,0.084089348,1.17048119
Hebius_vibakari_2,Terrestrial,generalist,Asian,Asian II,-0.030864588,-0.037497967,-0.031926188,-0.051505984,-0.009836136,-0.062346961,-0.065411236,-0.062653564,-0.021769029,-0.06223433,0.006120599,-0.017674487,-0.033151347,0.045727417,-0.02277218,-0.084594816,-0.061531871,-0.035754633,-0.042715484,0.089107533,0.790152164
Hebius_vibakari_ruthveni,Terrestrial,generalist,Asian,Asian II,-0.05041788,-0.063999227,-0.094176789,-0.174728237,-0.038807796,-0.173903577,-0.173047642,-0.138754818,-0.037956977,-0.112687319,-0.011823778,-0.128490792,-0.110530829,0.001617593,-0.089303906,-0.119456857,-0.146845655,-0.124405654,-0.055318813,0.00284483,0.492579431
Helophis_schoutedeni,Aquatic,unknown,African,African,-0.055833161,-0.03256882,0.027173194,0.04364565,-0.024564463,0.043469455,0.008652913,-0.012252453,-0.068413849,-0.017714041,-0.204589892,0.086305859,-0.029269445,-0.229331096,-0.025229742,0.028167959,-0.026446824,-0.058949761,-0.056991561,-0.205109898,4.466614719
Herpetoreas sieboldi,Terrestrial,lizards,Asian,Asian II,-0.044607282,-0.039475736,-0.059511598,-0.091527018,-0.047738987,-0.074589312,-0.080938192,-0.080627139,-0.067744251,-0.032709558,-0.012424123,-0.099197339,-0.101512757,-0.038997679,-0.031395699,-0.126568043,-0.154644791,-0.153160382,-0.162004201,0.114779055,0.197416754
Herpetoreas_pealii,Semiaquatic,unknown,Asian,Asian II,0.021892855,0.020221402,-6.64E-05,0.041885287,0.024052179,-0.0169267,-0.010973836,-0.012752895,-0.012813961,0.01949737,0.010059084,-0.014241892,-0.011374499,0.029213052,0.044701776,-0.023825019,0.016819158,-0.019207268,0.036121684,0.129850553,1.165422616
Herpetoreas_platyceps,Terrestrial,lizards,Asian,Asian II,-0.090021039,-0.068662415,-0.065600039,-0.098534417,-0.091546967,-0.093715182,-0.092339898,-0.109092191,-0.089817541,-0.057572764,-0.062039359,-0.13460573,-0.128042839,-0.048793776,-0.054937472,-0.138890183,-0.152252946,-0.127084389,-0.162754876,0.034709265,-0.100954287
Herpetoreas_sp1,Terrestrial,generalist,Asian,Asian II,-0.02694228,-0.026980686,-0.037245319,-0.019617604,-0.01357141,-0.027500356,-0.044883549,-0.072124582,-0.023558921,-0.030472892,8.98E-04,-0.007523319,-0.04292019,0.020797951,-0.021510202,-0.10274582,-0.045610594,-0.089117919,-0.093590442,0.186699965,0.823663379
Herpetoreas_xenura,Terrestrial,generalist,Asian,Asian II,-0.020025363,-0.001946528,-0.014346554,0.022010897,0.003426316,0.016808947,-0.025776834,-0.060801267,-0.031567988,-0.00145375,-0.003398675,0.016924932,-0.049503978,0.042243145,-0.003480024,-0.087452054,-0.080134323,-0.080057653,-0.062778134,0.187063689,0.614768027
Hydrablabes periops,Aquatic Burrowing,unknown,Asian,UK,-0.182598939,-0.171219459,-0.089441536,-0.119346531,-0.081026327,-0.138877089,-0.094130413,-0.178143279,-0.093241768,-0.151122394,-0.221025244,-0.190792714,-0.214482819,-0.119969978,-0.096609691,-0.090257924,-0.154744449,-0.063420515,-0.162389114,-0.037588258,-1.079521083
Hydrablabes prafrontalis,Aquatic Burrowing,unknown,Asian,UK,-0.19885682,-0.140241156,-0.191139276,-0.091354333,-0.097281471,-0.099020272,-0.114654353,-0.218494443,-0.156685885,-0.15064913,-0.217908359,-0.087462586,-0.196838962,-0.125490658,-0.100642139,-0.075998298,-0.16556647,-0.118744743,-0.184890371,-0.080824747,-3.431694869
Hydraethiops_laevis,Aquatic,unknown,African,African,-0.06379863,-0.059740491,0.039084132,0.001031632,-0.136622158,0.004828931,-0.042541954,-0.043458309,-0.052525405,-0.058807568,-0.126476508,0.038942688,-0.084621927,-0.184533484,-0.042415181,0.019621495,0.013073097,0.028205361,-0.068708777,-0.057327186,2.577817753
Hydraethiops_melanogaster,Aquatic,aquatic generalist,African,African,0.033952158,0.030862027,0.078921763,0.096023508,-0.049124759,0.0958201,0.073707387,0.07353178,0.034543764,0.05495223,-0.104060658,0.089941737,0.037031547,-0.164123432,0.00637641,0.104574436,0.08842265,0.064581028,0.037444746,-0.081656262,4.211654098
Isanophis boonsongi,Aquatic,aquatic generalist,Asian,UK,0.067159821,0.041406687,0.082136584,0.074884843,-0.060944638,0.078546997,0.065939412,0.095123966,0.093703005,0.108416583,0.108104742,0.128466581,0.107825268,0.049084385,0.089423375,0.118068046,0.068317064,0.084245886,0.025081876,-0.183754861,-0.201400454
Limnophis_bangweolicus,Aquatic,aquatic generalist,African,African,0.050918857,0.012029987,0.006273116,-0.050057488,-0.018653849,-0.06548466,0.005003052,0.007866246,-0.053912727,-0.130002021,-0.013764833,0.071414771,-0.014183606,-0.18820505,-0.077670295,0.126294686,0.049260336,0.020986831,0.028561398,-0.05234768,0.483644634
Limnophis_bicolor,Aquatic,aquatic generalist,African,African,0.065416197,0.048937588,0.050162614,0.077548504,-0.014345868,0.067804263,0.069187988,0.083329942,-0.011060421,-0.029883548,0.021534865,0.116448494,0.069147678,-0.078042645,-0.020411037,0.112650648,0.09449736,0.057726552,0.01679191,-0.094581984,0.312447043
Liodytes_alleni,Aquatic,crayfish,American,North-Central American,0.047670063,0.072937269,0.073981419,0.003535291,-0.034024875,0.001346224,0.009197103,0.074116953,-0.073840242,0.002425059,0.095403117,0.116636218,0.060084152,-0.206905262,-0.025069631,0.017935551,0.104028203,0.103706618,0.02332108,0.047870872,0.978297911
Liodytes_pygaea,Aquatic,aquatic generalist,American,North-Central American,-0.010119253,0.020428683,0.026917991,0.054394425,0.079269722,0.052443054,0.011565412,0.035529421,-0.05917324,-0.063690357,0.009510119,0.066252912,0.029577263,-0.02242185,-0.033291547,0.086308552,0.086028953,0.052246577,0.07406025,-0.115157533,-0.272115233
Liodytes_rigida,Aquatic,crayfish,American,North-Central American,0.035040528,0.031910561,0.020808541,0.061667458,0.139987218,0.076514896,0.078276698,0.04515572,-0.022904751,-0.047452462,0.037239708,0.06974477,0.04001491,-0.047865143,5.89E-04,0.078738961,0.075430416,0.070382665,0.08141164,-0.009971026,0.453707498
Lycognathophis_seychellensis,Terrestrial,lizards,African,African,-0.072430036,-0.080756104,-0.082966623,-0.108722042,-0.083061966,-0.11262774,-0.092832135,-0.135584498,-0.029856102,0.034483228,-0.068668456,-0.193089033,-0.135460635,-0.018638633,-0.021965593,-0.131388588,-0.13927309,-0.103315947,-0.122821371,0.14259666,-2.525623377
Natriciteres_fuliginoides,Semiaquatic,anurans,African,African,0.053481209,0.029029118,0.035309745,0.02673396,0.020605769,0.041018872,0.0168674,0.010561672,-4.30E-04,-0.034130895,0.1016414,-0.009462831,0.019993927,0.068380438,0.003684349,0.009404972,-0.006000869,0.04489047,-0.01119877,0.343272222,-0.990420056
Natriciteres_olivacea_1,Semiaquatic,generalist,African,African,0.051357155,0.028193098,0.032939566,0.035444544,0.039990826,0.035376522,0.010549111,0.042045448,0.025898661,-0.009333755,0.056110823,0.052686887,0.057776526,0.042156321,0.012884399,0.028443718,0.030272663,0.018199233,0.019071939,0.08815908,1.036846818
Natriciteres_sylvatica_1,Semiaquatic,generalist,African,African,0.011400631,0.004805659,-0.003335145,-0.039568062,-0.018485097,-0.023472409,-0.031512177,-0.011246595,-0.018301551,-0.049706784,0.071692726,-0.001449591,0.005470009,-0.005488595,-0.033537492,-0.047204125,-0.033278172,-0.004033814,-0.047622389,0.237232885,-0.324337931
Natrix_astreptophora,Semiaquatic,generalist,Asian-European,Europe-Central Asian,0.042883765,0.018302612,-2.46E-04,0.009175192,0.058192946,0.008613605,0.006122575,-0.011685067,0.033656702,-0.013756039,0.066912441,-0.012998372,-0.003784125,0.105032144,0.015239178,0.002981737,-0.045806876,-0.035924663,-0.004114813,0.038040876,-0.594583
Natrix_cetti,Semiaquatic,generalist,Asian-European,Europe-Central Asian,0.021466022,-0.047633681,-0.055583535,-0.007188899,0.014650903,0.016145711,-0.002451729,-0.072493294,0.008630354,-0.051388955,-0.046747814,-0.080970511,-0.075932617,0.06989426,0.017277474,-0.025331195,-0.098707556,-0.025631829,-0.096998866,-0.07391984,-0.662451058
Natrix_maura_1,Semiaquatic,aquatic generalist,Asian-European,Europe-Central Asian,0.046310254,0.049919192,0.03041805,0.065975935,0.051440351,0.071439532,0.052147689,0.028621044,0.008427904,-0.021835787,-5.49E-05,0.091725712,0.049956205,0.030344664,-0.008493103,0.050793499,0.068542029,0.055015145,0.032307614,-0.079936322,1.833485192
Natrix_natrix,Semiaquatic,generalist,Asian-European,Europe-Central Asian,0.01267662,-0.018837911,-0.007227224,0.02045308,0.01445082,0.033706694,0.059867982,-0.01335812,-0.01380931,-0.048459457,-0.030722965,-0.006676516,-0.00110181,0.031618447,0.006039532,0.033558386,-0.021452841,0.016461265,-0.03045605,-0.123262235,-1.376795128
Natrix_natrix_persa,Semiaquatic,generalist,Asian-European,Europe-Central Asian,0.012587267,-0.008465996,-0.042366606,0.036567965,0.059257014,0.039539798,-0.033782818,0.023055584,0.019048444,-0.016778437,0.02228527,0.047588708,0.047594029,0.070133266,0.044335576,0.031453748,-0.021396486,-0.054923173,-0.058202551,-0.042434534,-0.093303835
Natrix_tessellata_3,Aquatic,aquatic generalist,Asian-European,Europe-Central Asian,0.025087997,0.031805995,0.007839537,0.040058974,0.016317752,0.02407175,-0.011400896,0.010076017,0.019521952,-0.009329481,-0.007294597,0.021683809,0.005299224,-0.037257428,-0.038157439,-0.018781224,0.016454337,0.013613895,0.014691161,-0.051956699,-0.284250141
Nerodia_clarkii,Aquatic,aquatic generalist,American,North-Central American,0.049802835,0.066227977,0.062736499,0.042599344,0.013849671,0.045095144,0.04136047,0.057865201,0.069752711,0.12112639,0.035362924,0.080692575,0.041897105,0.046224913,0.012983307,0.046262321,0.116314806,0.085864165,0.082236228,0.032278209,1.225767726
Nerodia_cyclopion,Aquatic,aquatic generalist,American,North-Central American,0.065720649,0.092603799,0.108872441,0.086648732,0.092109951,0.065156716,0.078526029,0.123392854,0.039438703,0.054028187,0.005757456,0.067634194,0.055042099,-0.025193378,0.001918056,0.080363216,0.134570369,0.049594068,0.095728662,-0.008518237,5.562504961
Nerodia_erythrogaster,Aquatic,aquatic generalist,American,North-Central American,0.021520184,0.046354834,0.045757507,0.056879244,-0.005669257,0.046074258,0.070231007,0.052663849,0.049530652,0.064280042,0.053141123,0.071506946,0.074479812,0.032811894,0.021510509,0.073120814,0.079293131,0.051648203,0.097900194,-0.066096191,2.467037781
Nerodia_fasciata,Aquatic,aquatic generalist,American,North-Central American,0.077894023,0.075149552,0.087218052,0.073201136,0.042827696,0.072281283,0.059017349,0.084398432,0.076606898,0.093110914,0.08595383,0.107246889,0.112069706,9.68E-04,0.058120878,0.072875264,0.113986314,0.061296864,0.106807773,0.037656645,3.597803303
Nerodia_floridana,Aquatic,aquatic generalist,American,North-Central American,0.08468907,0.107254338,0.121440553,0.12520282,0.069886561,0.115190461,0.121539976,0.16247888,0.033066075,0.053845426,-0.058595291,0.125961944,0.081801738,-0.038046749,0.004007333,0.198219726,0.175807586,0.121956836,0.130596573,-0.01002434,8.423880065
Nerodia_harteri,Aquatic,aquatic generalist,American,North-Central American,0.020005477,0.027433529,0.042274499,-0.023770022,-0.052678577,-0.037150744,-0.022830226,0.009264105,-0.00217888,0.006283955,-0.020611282,0.033666857,-0.02179667,-0.059315825,-0.04211614,0.005743565,0.052134829,0.063999781,0.031188223,0.0628599,1.356725488
Nerodia_paucimaculata,Aquatic,aquatic generalist,American,North-Central American,0.02899605,0.050641497,0.067790536,0.014612043,0.025307194,0.008809028,-0.008726724,0.00447501,0.025220506,0.058145648,0.004907029,0.044265446,0.015171752,0.003180405,0.001288326,-0.007745984,0.069377071,0.07208411,0.059894038,0.008098096,2.32902458
Nerodia_rhombifer,Aquatic,aquatic generalist,American,North-Central American,0.072510619,0.061300611,0.079893135,0.083224552,0.057468205,0.078173428,0.089336377,0.09685272,0.054574052,0.054193155,1.27E-04,0.125186603,0.080030074,0.014325176,-8.81E-04,0.135502796,0.149227222,0.103304405,0.119037403,0.003916106,5.552354151
Nerodia_sipedon,Aquatic,aquatic generalist,American,North-Central American,0.045701288,0.062676767,0.044521313,0.075061926,0.034129225,0.068603018,0.067050312,0.076111023,0.043368932,0.043097455,0.013953013,0.08798772,0.078294592,-0.010174137,0.027228708,0.111011987,0.112477489,0.069874831,0.096431453,-0.00893158,3.241619969
Nerodia_taxispilota,Aquatic,aquatic generalist,American,North-Central American,0.098512122,0.07149599,0.084326001,0.096633604,-0.027563617,0.091408107,0.109525877,0.10847607,0.092685002,0.123775113,-0.00250324,0.082211304,0.079241601,0.019493771,0.018545555,0.114702312,0.168527477,0.116558329,0.128627036,0.005145851,6.441970162
Opisthotropis_andersonii_1,Aquatic Burrowing,aquatic generalist,Asian,Asian V,-0.152040395,-0.109468344,-0.091793982,-0.135355054,-0.136981653,-0.123839737,-0.108883421,-0.137908739,-0.053434817,-0.072053096,-0.306347944,-0.044668737,-0.20925992,-0.129638425,-0.093535396,-0.073055669,-0.058994813,-0.021509924,-0.08613747,-0.171596302,-1.215165009
Opisthotropis_jacobi,Aquatic Burrowing,annelids,Asian,Asian V,-0.135869782,-0.088650649,-0.06173379,-0.107162159,-0.067564052,-0.113319168,-0.109335195,-0.154670034,-0.046147574,-0.073916735,-0.388934036,0.059810858,-0.130155794,-0.025768827,-0.069087952,-0.043653314,-0.021288519,0.01050895,-0.085194784,0.004228956,-3.022000269
Opisthotropis_lateralis_1,Aquatic Burrowing,aquatic generalist,Asian,Asian V,-0.075347855,-0.065633199,-0.074330822,-0.003077061,-0.12119729,-0.016674607,-0.033603126,-0.068782678,0.00281974,-0.072719049,-0.191951217,0.105832676,-0.104639461,-0.026431085,-0.006432873,0.005498279,0.026716019,0.026977245,-0.04009369,-0.184371883,-1.208862132
Opisthotropis_latouchii,Aquatic Burrowing,annelids,Asian,Asian V,-0.112755203,-0.069551826,-0.022656947,-0.070426754,-0.006368378,-0.072378066,-0.07864147,-0.143665064,-0.031770717,-0.089213175,-0.343900006,0.034056979,-0.146119105,-0.032037502,-0.03666567,-0.029626,0.029353101,-0.050456328,0.010994943,-0.007865585,-0.786939577
Opisthotropis_spenceri,Aquatic Burrowing,aquatic generalist,Asian,Asian V,-0.174891753,-0.162481625,-0.04665125,-0.123708077,-0.089427097,-0.131612351,-0.151237489,-0.201676573,-0.101075096,-0.144652804,-0.326461994,-0.113681971,-0.208781793,-0.109790662,-0.102349149,-0.080787053,-0.032872231,0.03018565,-0.090848847,0.099497264,-1.371579106
Opisthotropis_typica,Aquatic Burrowing,aquatic generalist,Asian,Asian V,-0.077724301,-0.059630774,-0.08629804,-0.037267257,-0.213797467,-0.029748799,-0.032831332,-0.077255713,-0.01732722,0.031562072,-0.229299129,0.02961842,-0.083462422,-0.109511687,-0.042562535,-0.018192146,-0.007016655,0.007969909,-0.019117914,0.068484355,0.908630946
Paratapinophis_praemaxillaris,Aquatic,fish,Asian,Asian IV,0.018012094,-0.02836065,0.001781482,-0.010169635,-0.029967893,-0.016323943,-0.013082744,-0.062080476,-0.023329717,0.040631291,-0.178608738,0.007130624,-0.076864568,-0.037090514,-0.064311506,-0.006775458,0.0483507,0.104063761,0.028188757,-0.085314392,-0.929257957
Pseudagkistrodon_rudis,Terrestrial,generalist,Asian,Asian II,0.07555488,0.099608774,0.074547045,0.142360831,0.068328255,0.130618624,0.203823199,0.095247084,0.070675377,-0.001260357,0.041450787,-0.001281861,0.044101811,0.179668653,0.162406439,0.122759658,0.104614169,0.068681749,0.17237781,-0.18725484,2.787535779
R_lineatus,Semiaquatic,unknown,Asian,Asian I,0.046452926,0.016004937,0.008588482,0.030063963,0.078016033,0.071193283,0.036825259,0.079092615,0.061634181,0.01290644,0.06408165,0.033522507,0.059025593,0.072032619,0.047484149,-0.048825416,-0.056105451,-0.02252485,-0.030428125,0.02676157,-0.178409722
Regina_grahami,Aquatic,crayfish,American,North-Central American,-0.04569627,-0.044923379,-0.001948026,-0.064701288,-0.082629704,-0.067410267,-0.073042198,-0.080867931,-0.094651949,-0.075570992,-0.061525479,0.020405787,-0.029043898,-0.066231075,-0.065317569,-8.99E-04,0.094361284,0.074339016,-0.003081618,-0.162690381,-0.549977686
Regina_septemvittata,Aquatic,crayfish,American,North-Central American,-0.007239395,-0.01071955,-0.00243371,-0.032456146,0.066434628,-0.038292185,-0.060964583,-0.041884812,-0.016562036,-0.044982942,-0.014429252,0.065928188,-0.020264182,0.053058891,-0.003502026,0.002069866,0.068715803,0.050307967,0.032937731,0.077832006,0.331122281
Rhabdophis_auriculata,Semiaquatic,anurans,Asian,Asian I,-0.005245087,-0.051235984,-0.049758889,-0.065312616,-0.017557512,-0.060748061,-0.084223997,-0.058144477,-0.01571324,-0.036109073,0.11976751,-0.023284633,0.007711987,0.035445324,-0.002663055,-0.141325636,-0.112271595,-0.090685381,-0.123088959,0.13879934,-0.740832293
Rhabdophis_barbouri,Unknown,unknown,Asian,Asian I,-0.020594334,-0.058966969,-0.083195339,-0.177121527,-0.036099836,-0.081045265,-0.083599884,-0.074015108,-0.045936126,-0.064726685,0.107936988,-0.006485914,-0.073065646,0.011089592,-0.027676089,-0.210965546,-0.188335664,-0.161039344,-0.120721559,0.206902779,0.051901127
Rhabdophis_ceylonensis,Terrestrial,generalist,Asian,Asian I,0.058908282,0.036912881,0.02107481,0.035690553,0.065529215,0.058691318,0.021501144,-0.019337488,0.047955803,0.051049648,0.132608528,0.025807474,0.07438009,0.084732233,0.05565363,-0.056537852,-0.070413211,-0.056181653,-0.043846642,-0.082970227,0.643569126
Rhabdophis_chrysargoides,Semiaquatic,unknown,Asian,Asian I,0.073780878,0.03511535,0.029197783,0.038969985,0.075269833,0.056617717,0.060262864,0.0534525,0.049102179,0.037967355,0.127577994,0.035505786,0.084008472,0.130007562,0.089061833,-0.056583619,-0.001720417,-0.051701492,0.013930735,0.07976836,-0.071743086
Rhabdophis_chrysargos,Semiaquatic,generalist,Asian,Asian I,0.010239588,-0.001799499,-0.016759869,-0.025450661,0.015066891,-0.002806491,-0.043464585,-0.007382465,0.009611827,0.00814583,0.137027622,-0.024907868,0.042855762,0.074212718,0.02500823,-0.134428978,-0.123212252,-0.124865318,-0.080393051,0.115238969,-0.194190366
Rhabdophis_chrysargos_1,Semiaquatic,generalist,Asian,Asian I,-0.022676485,-0.035892576,-0.060543872,-0.049529632,-0.020624514,-0.073792464,-0.029582864,0.001873018,-0.039298808,-0.076302656,0.111519517,-0.083967183,0.04457198,0.028456574,-3.27E-04,-0.058930095,-0.081141531,-0.154552135,-0.060142246,0.041197582,-0.072059527
Rhabdophis_chrysargos_2,Semiaquatic,generalist,Asian,Asian I,-0.031543901,-0.045019222,-0.044630894,-0.095055241,-0.055593289,-0.078068825,-0.075873223,-0.076849491,2.42E-04,-0.025159631,0.110498076,-0.110672373,-0.040302519,0.023473688,-0.015219427,-0.1446391,-0.151407161,-0.156782214,-0.146997804,0.10656611,-0.148216077
Rhabdophis_chrysargos_3,Semiaquatic,generalist,Asian,Asian I,-0.014964129,-0.015925394,-0.050208907,-0.060684236,-0.054536797,-0.025838405,-0.055845565,-0.0354313,-0.030289045,-0.042885614,0.096843323,-0.046094865,0.014527667,0.036621306,0.01315811,-0.123028866,-0.120642302,-0.063387184,-0.115453753,0.056709787,-0.082619451
Rhabdophis_conspicillatus,Terrestrial,unknown,Asian,Asian I,0.015981653,0.00871381,9.82E-04,0.028541933,0.008799978,0.058870828,-0.016132948,-0.049521986,-0.033523574,-0.089322663,0.074418578,0.021368685,-0.020593237,0.053176049,0.019468431,-0.092710027,-0.075966625,-0.133706355,-0.068234678,-0.039461331,1.423195147
Rhabdophis_flaviceps,Semiaquatic,generalist,Asian,Asian I,0.115277449,0.086799188,0.090039602,0.147304472,0.152074442,0.141951063,0.177824094,0.13852563,0.104323083,0.069026085,0.1060823,0.104270082,0.157907667,0.133585874,0.121452251,0.130991245,0.119306352,0.085053941,0.133880259,-0.055408167,-0.766717475
Rhabdophis_himalayanus_1,Semiaquatic,generalist,Asian,Asian I,-0.012628617,-0.036190402,-0.052204004,-0.069227241,-0.026454021,-0.039853449,-0.041371701,-0.040574594,-0.023168097,-0.038292213,0.072125501,-0.056448229,-0.02969403,0.027241886,0.024630924,-0.122229903,-0.154254106,-0.102919155,-0.125118396,0.036335688,-0.704360441
Rhabdophis_himalayanus_2,Semiaquatic,generalist,Asian,Asian I,-0.032956738,-0.041983388,-0.070429836,-0.065110131,-0.008615443,-0.021655922,-0.04814543,-0.053671196,-0.035509605,-0.051566736,0.050825592,-0.047264308,-0.036047967,0.041954771,0.015607065,-0.119805785,-0.122909838,-0.111010998,-0.12827242,0.0689197,-0.503898357
Rhabdophis_leonardi,Semiaquatic,unknown,Asian,Asian I,0.034417864,0.005457231,-0.01123614,0.030630981,0.053575698,0.013626971,0.012371708,0.026427822,-1.91E-04,-0.035947976,-0.019637629,-0.039434542,0.012275348,0.0947255,0.047544577,0.037744265,-0.010292844,0.007988793,-0.040580663,-0.099526284,-2.008699282
Rhabdophis_murudensis,Terrestrial,anurans,Asian,Asian I,0.003847819,-0.045421667,1.51E-04,-0.037566658,-0.033210193,-0.045942664,-0.035292827,-0.034576182,0.018342814,0.01165394,0.067572776,-0.037568107,0.002760018,0.053577226,0.055675,-0.066361197,-0.087808804,-0.088596824,-0.06978595,-0.073753039,-0.934037956
Rhabdophis_nigrocinctus,Terrestrial,generalist,Asian,Asian I,0.028925597,0.015964507,-0.017721057,-0.036031379,0.048011418,-0.019643921,0.030387486,-0.002359252,0.036840464,0.05000771,0.117516201,-0.020766801,-0.020194756,0.0899774,0.035761301,-0.075875552,-0.138621686,-0.128671818,-0.047767385,-0.049324974,-0.41506662
Rhabdophis_nuchalis_3,Terrestrial,generalist,Asian,Asian I,-0.037915639,-0.044088829,-0.048553995,-0.024167621,0.115084361,-0.039870908,-0.029053027,-0.002387652,0.014743421,0.012953227,0.029562178,-0.033001147,0.028502278,0.080604338,0.012356427,0.036495843,-0.010114787,-0.032261971,0.014224433,-0.115963767,-2.918074262
Rhabdophis_plumbicolor,Terrestrial,anurans,Asian,Asian I,0.090656103,0.08944469,0.061068264,0.152092908,0.155226968,0.154260212,0.146761891,0.130507262,0.064301409,-0.026595933,0.090050682,0.085022171,0.131075902,0.157813603,0.114630922,0.142520159,0.079313975,-0.028261895,0.115986106,-0.238428648,6.020957896
Rhabdophis_rhodomelas,Semiaquatic,generalist,Asian,Asian I,0.071443339,0.059538335,0.02118046,0.041501556,0.104525366,0.067989222,0.099862206,0.061360063,0.053340787,0.021550728,0.142815182,-0.0190448,0.098280034,0.112304161,0.077054036,-0.003853372,-0.017914594,-0.030075045,0.004543769,-0.07684626,0.706304542
Rhabdophis_subminiatus_1,Semiaquatic,anurans,Asian,Asian I,0.034799949,0.045149708,0.01328165,0.015423666,0.073666349,0.021500097,0.046222324,0.043393032,0.049242187,0.02134447,0.079194638,-0.013134117,0.065991824,0.063315511,0.035244331,-0.022455412,-0.043499861,-0.053995722,-0.006814923,-0.001367127,-0.417211803
Rhabdophis_subminiatus_2,Semiaquatic,anurans,Asian,Asian I,-0.014616766,-0.012388346,-0.030011631,-0.006677365,-0.013745467,-0.022717661,-0.012341951,-0.026265886,-0.004136708,-0.01022034,0.017278145,-0.100056074,-0.008192184,-0.002448421,0.002733131,-0.031177585,-0.090740143,-0.073888095,-0.065534951,-0.039372116,-1.386099889
Rhabdophis_swinhonis_1,Semiaquatic,anurans,Asian,Asian I,-0.039423302,-0.030874218,-0.090240331,-0.046112372,-0.002515022,-0.068643598,-0.086633743,-0.058954609,-0.017605696,-0.023215477,0.004600636,-0.126744239,-0.070327283,0.018209354,-0.02299079,-0.061395986,-0.081427169,-0.048946867,-0.074267209,-0.040545762,-3.598351777
Rhabdophis_tigrinus,Terrestrial,generalist,Asian,Asian I,0.006204943,-0.014228347,-0.039705155,-0.021936405,0.025161167,-0.010089159,-0.009072462,-0.02271864,-0.01909865,-0.083835209,0.093394172,-0.01941854,0.023334949,0.039125661,0.042139217,-0.02724699,-0.097644039,-0.036745979,-0.062870544,-0.052733951,-0.518232322
Rhabdophis_tigrinus_lateralis,Terrestrial,generalist,Asian,Asian I,0.002697985,-0.033728248,-0.040009968,-0.022851318,0.017246749,-0.006233061,0.017905657,-0.027785042,-0.014824288,-0.08309896,0.038961647,-0.027532995,-0.020153048,0.049491223,0.017514113,-0.021145537,-0.077099817,-0.00513646,-0.038682122,-0.183025248,-0.93844398
Rhabdops_aquaticus,Aquatic Burrowing,annelids,Asian,Asian II,-0.213313968,-0.187849929,-0.122859335,-0.154970314,0.01327111,-0.170909448,-0.139233995,-0.143397749,-0.153276431,-0.19142666,-0.284273609,-0.050805071,-0.179354276,0.003538418,-0.054270614,-0.027681868,-0.136396106,-0.058388559,-0.172865251,-0.115837349,-1.934695801
Rhabdops_olivaceous,Aquatic Burrowing,aquatic generalist,Asian,Asian II,-0.153435601,-0.17640702,-0.106128539,-0.142065566,-0.009790782,-0.151852864,-0.178823136,-0.144461803,-0.124713319,-0.131059192,-0.313006312,-0.130916459,-0.197801482,-0.039071511,-0.070038154,-0.071170132,-0.077718525,-0.025420677,-0.151026882,-0.161720646,-2.122832366
Smithophis_atemporalis,Aquatic Burrowing,generalist,Asian,Asian V,-0.155080932,-0.172160229,-0.176914228,-0.212577132,0.043575951,-0.22776305,-0.136417897,-0.158103868,-0.083111204,-0.176751908,-0.361901473,-0.068729344,-0.235309373,-0.006181989,-0.140802593,-0.12739754,-0.104366027,-0.038764822,0.010189676,0.048768335,-1.72176407
Smithophis_bicolor,Aquatic Burrowing,annelids,Asian,Asian V,-0.182902793,-0.135186346,-0.118710061,-0.114752269,0.053731672,-0.106440646,-0.106475966,-0.139312521,-0.066570527,-0.098125801,-0.351945943,-0.006198496,-0.164276907,0.021190831,-0.059631063,-0.046694938,-0.058609006,0.016328069,-0.10254615,-0.030087328,-1.718936951
Smithophis_linearis,Aquatic Burrowing,annelids,Asian,Asian V,-0.172382696,-0.151591933,-0.088648583,-0.116258296,0.039612886,-0.138219524,-0.056633643,-0.136425499,-0.065212306,-0.09711567,-0.298962423,2.67E-04,-0.17592485,0.050996162,-0.052933626,-0.066776913,-0.073345324,-0.038068054,-0.096280601,-0.024332292,-1.579059921
Smithophis_sp,Aquatic Burrowing,generalist,Asian,Asian V,-0.076247904,-0.068677807,-0.027289223,-0.00935649,0.16121483,-0.02343547,-0.10958096,-0.216829871,-0.041376321,-0.053265916,-0.310116876,0.077341094,-0.149179231,0.086593305,-0.04815855,0.040377599,-0.108455596,-0.075377667,-0.114876273,-0.011692277,-1.275570343
Storeria_dekayi,Burrowing,molluscs,American,North-Central American,-0.008094051,-0.012476876,-0.022119518,-0.003342277,0.142816483,-0.007917945,-0.014577111,0.009109771,-3.45E-04,-0.089004513,0.033616134,0.105185096,0.004571473,0.130478601,0.045555376,-0.011128466,0.006894293,0.046324477,0.027607811,0.03026702,0.167651673
Storeria_hidalgoensis,Burrowing,molluscs,American,North-Central American,-0.050221702,-0.031522019,-0.03990584,-0.027324147,0.093629529,-0.038439003,-0.042742992,-0.071306291,-0.058834849,-0.088464618,0.005908699,0.056993479,-0.023568872,0.094026213,0.034980938,-0.03418041,0.034495981,-0.010412976,0.103549406,0.068727567,-1.665783255
Storeria_occipitomaculata,Burrowing,molluscs,American,North-Central American,-0.027088935,-0.055152001,-0.030755122,-0.017842866,0.109164709,-0.025857056,-0.03016888,-0.057394031,-0.044217159,-0.120929264,0.01495319,0.069157966,-0.035339927,0.108541863,0.018264703,-0.024935446,0.057086979,0.033848861,0.049141239,-0.006909421,-1.670436084
Storeria_storerioides,Burrowing,molluscs,American,North-Central American,0.004632362,-0.037716974,-0.027747549,0.011732547,0.112487576,0.001252625,0.020552601,-0.002986224,-0.00455493,-0.071436544,0.060724162,0.054379245,0.009665006,0.133946271,0.046396245,-0.028565356,-3.28E-04,0.00367751,0.027949432,0.019409323,-1.756409223
Thamnophis rufipunctatus unilabialis,Aquatic,aquatic generalist,American,North-Central American,0.108023459,0.099673539,0.098428993,0.021434099,0.07059718,5.69E-04,0.007377842,0.037841473,0.10102043,0.117963576,0.07290563,0.110793234,0.066159396,0.063984763,0.009836959,-0.089585479,-0.019995066,-0.114134569,-0.037990606,0.070912006,3.461391119
Thamnophis_atratus,Semiaquatic,aquatic generalist,American,North-Central American,0.107794628,0.080921515,0.061180233,0.081109128,0.087509363,0.070325201,0.06138035,0.028696827,0.083644052,0.082596582,0.079059451,0.105401476,0.075557142,0.105924667,0.054568386,0.077769125,0.057185666,0.012810843,0.001028212,0.079977319,0.711442478
Thamnophis_bogerti,Semiaquatic,generalist,American,North-Central American,0.035090221,0.062344237,0.040552493,0.055338252,0.062800868,0.051081816,0.028166244,0.050509019,0.031102115,0.013132378,0.067595277,0.040964664,0.062500917,0.063100968,0.04088356,0.033790007,0.02183965,0.027741948,0.059383764,0.035365819,-1.369657501
Thamnophis_brachystoma,Terrestrial,annelids,American,North-Central American,-0.063749493,-0.046853426,-0.066327527,-0.079244237,0.060646866,-0.087442483,-0.075398071,-0.080982152,-0.010254728,-0.052898918,-0.052462962,0.040502349,-0.053007971,0.104359569,3.75E-04,-0.031655337,-0.055993518,-0.001621375,0.036555581,0.079452412,0.207110176
Thamnophis_butleri,Semiaquatic,generalist,American,North-Central American,-0.017404947,0.025078916,0.016109151,0.034728165,0.07996566,0.02717212,-0.010120608,0.048690894,-0.010433519,-0.040509244,0.028528334,0.032349884,0.015748208,0.101241508,0.005124684,0.04988693,0.120714466,0.115571006,0.139187391,0.010197589,0.874702051
Thamnophis_chrysocephalus,Semiaquatic,unknown,American,North-Central American,0.039035603,0.021036599,0.009039099,0.008440932,0.085664174,0.025375866,-0.018931203,0.003901638,0.04752311,-0.001832171,0.113398447,0.061714137,0.060641471,0.078620191,0.037651765,-0.049407719,-0.049945539,-0.096183168,-0.00996084,0.037282429,-1.750769754
Thamnophis_conanti,Semiaquatic,unknown,American,North-Central American,0.057805396,0.089533913,0.073410993,0.043348908,0.058199716,0.042936958,0.009780787,0.059473449,0.052477038,0.052018139,0.092194256,0.088898267,0.103868931,0.134276174,0.090210489,0.027188441,-0.031635766,0.00731107,-0.004477056,0.021746347,-0.932478653
Thamnophis_couchii,Aquatic,unknown,American,North-Central American,0.006555751,0.030554989,0.004913654,0.022882527,0.114279248,0.017289116,-0.019607294,0.015350589,0.047997936,0.03663021,0.040197605,0.102565753,0.049025702,0.105133201,0.050176033,0.033425942,-0.012389358,-0.010535879,-0.039631422,0.089913028,2.481390623
Thamnophis_cyrtopsis,Semiaquatic,generalist,American,North-Central American,0.045931125,0.034341924,0.02630892,0.052020498,0.083479702,0.037529128,0.017749403,0.03722159,0.048996468,0.02443358,0.114489559,0.038779566,0.063923681,0.037021138,0.039666859,0.015059852,-0.028047676,-0.082185854,0.011573591,0.031880173,0.159031598
Thamnophis_elegans,Semiaquatic,generalist,American,North-Central American,0.031863318,0.030995893,0.009667161,0.052664265,0.085511304,0.047498224,0.009121386,0.034685324,0.03677015,0.014891992,0.010687478,0.020573073,0.055432381,0.090764172,0.050101688,0.036033324,0.024388634,0.017174692,0.101303475,0.032873933,0.143500195
Thamnophis_elegans_lineolata,Semiaquatic,generalist,American,North-Central American,0.001943939,-1.36E-04,-0.021484552,0.014340029,0.094601605,0.009330493,-0.014812335,0.014696985,0.0050275,0.00828686,-1.80E-04,0.00437318,0.010413697,0.083892852,0.040335159,-0.028494151,0.019325523,-0.068040155,0.041079669,0.123331892,2.44336798
Thamnophis_eques,Semiaquatic,anurans,American,North-Central American,0.050725554,0.054720245,0.033434385,0.016557219,0.077979634,0.039848329,0.014822212,0.039606817,0.05170395,0.020763638,0.112573167,0.057409979,0.120648732,0.040204022,0.045735511,-0.01092784,0.01672262,-0.021540575,0.001926154,0.059829603,0.186408931
Thamnophis_errans,Terrestrial,unknown,American,North-Central American,0.047384303,0.062667356,0.034605708,0.022638114,0.074774851,0.028103044,0.008808414,0.034423336,0.010731739,4.81E-04,0.086950735,0.024393433,0.064447568,0.085659957,0.064667565,-0.017986331,-0.014739647,-0.080923688,0.047549241,0.080165137,0.705724274
Thamnophis_exsul,Terrestrial,unknown,American,North-Central American,0.008098722,0.021704208,0.020085198,0.009559556,0.098285064,0.005193672,-0.023276731,-0.031338038,0.018130334,-0.007568377,0.035791742,0.015348285,-0.003604426,0.113160798,0.046028572,-0.039038945,-0.042906466,-0.060945182,-0.009097067,-0.043271891,-1.04928753
Thamnophis_fulvus,Semiaquatic,anurans,American,North-Central American,0.049046966,0.053880174,0.042785221,0.046330423,0.032894552,0.038212505,0.045787824,0.076586269,0.03155509,0.002111926,0.045848082,0.01877694,0.073523383,0.037877729,0.05348643,0.120013268,0.113128082,0.040892905,0.152693433,-0.042581751,-0.796652164
Thamnophis_godmani,Semiaquatic,unknown,American,North-Central American,0.041584998,0.081969652,0.041395799,0.088828154,0.070796605,0.080276042,0.048723146,0.080004913,0.059039747,0.02767591,0.076719268,0.079296403,0.090624917,0.126024325,0.108967232,0.090862346,0.032789984,-0.007797725,0.134190393,0.086843082,-1.81193662
Thamnophis_hammondii,Semiaquatic,aquatic generalist,American,North-Central American,0.028206772,0.024927162,-0.005625939,-0.107565218,0.086405212,-0.096121806,-0.059055803,-0.011588739,0.0060467,0.00268595,0.081572024,0.058789371,0.076875738,0.086593045,0.040047881,-0.021276645,0.015562757,-0.057903113,0.063314335,-0.037026316,0.520373617
Thamnophis_lineri,Semiaquatic,unknown,American,North-Central American,0.05414591,0.067273496,0.042646054,0.103492797,0.100698148,0.0939122,0.032627136,0.052209144,0.049146547,0.019709539,0.0784249,0.086100017,0.098411011,0.125874141,0.052878074,0.043905158,0.028424293,0.033322527,0.089007826,0.016588738,-0.697265227
Thamnophis_marcianus,Semiaquatic,generalist,American,North-Central American,0.01162195,0.025898423,-0.007137917,-0.005274066,-0.002082977,-0.007448759,0.015474283,0.005914281,0.033190041,0.025227708,0.007879544,0.009280744,-0.01597062,0.014991821,0.002229193,0.058784485,0.052025711,0.032337142,0.079417502,-0.082600422,-2.093451476
Thamnophis_melanogaster,Semiaquatic,generalist,American,North-Central American,0.062671039,0.049746416,0.073327912,0.076573795,0.033743041,0.065282496,0.031806342,0.02882926,0.039522048,0.062519018,0.042197379,0.092358818,0.049604727,-0.019301893,0.003282804,0.08004667,0.164255569,0.120860151,0.167431373,-0.025147758,0.74154579
Thamnophis_proximus,Semiaquatic,aquatic generalist,American,North-Central American,-0.044397627,-0.062140711,-0.034616685,-0.107261132,-0.076902326,-0.120088655,-0.093435325,-0.094576561,-0.051702032,-0.049852556,0.010296344,-0.08127368,-0.120553537,-0.064490915,-0.059194372,-0.174283683,-0.12045943,-0.142378584,-0.072662157,0.104529622,-0.33064691
Thamnophis_pulchrilatus,Semiaquatic,unknown,American,North-Central American,0.02193441,0.011089866,-0.020497704,-4.40E-04,0.111156119,-0.003413993,-0.034381002,-0.010921715,0.009975286,-0.005634122,0.061454284,-0.076133045,0.002688748,0.071346955,0.035734165,-0.055213089,-0.045899981,-0.050900769,0.025603609,0.043860768,0.214773964
Thamnophis_radix,Semiaquatic,generalist,American,North-Central American,-0.032021207,-0.014446729,-0.026995984,-0.011131675,0.037158444,-0.025297954,-0.013119094,0.019504046,-0.018092061,0.00414485,-0.014695321,-0.013354909,0.003737688,0.049770222,0.008982627,0.017153604,0.01743031,0.03970725,0.024662377,-0.013129727,0.734619998
Thamnophis_rossmani,Aquatic,fish,American,North-Central American,0.026112944,0.043253221,0.028853579,0.027700687,0.06281286,0.012827201,0.017786153,0.044403253,0.030733888,0.036447379,0.071185921,0.058406152,0.054325497,0.037179254,0.029689245,7.49E-04,0.040653734,-0.02053585,0.086764313,0.025427173,2.020784282
Thamnophis_rufipunctatus,Aquatic,aquatic generalist,American,North-Central American,0.054824787,0.05990242,0.068695598,0.014997787,0.021002525,-0.001452287,-0.002548452,0.036988515,0.077534076,0.118023533,0.02212719,0.056424507,0.042834604,0.037982188,-0.045504029,-0.027189283,0.078298187,-0.005419881,0.035194488,0.037372035,2.178818823
Thamnophis_sauritus,Semiaquatic,generalist,American,North-Central American,-0.022583736,-0.032382299,-0.042893725,-0.142601815,-0.045792977,-0.13376567,-0.118177889,-0.055828955,-0.016167274,-0.020040336,0.066068117,-0.013698003,-0.023921236,-0.041929524,-0.04958244,-0.119184807,-0.114758478,-0.116529864,-0.116048686,0.225996618,0.417740743
Thamnophis_scalaris_2,Terrestrial,generalist,American,North-Central American,0.065828247,0.0762803,0.05806654,0.071684131,0.113833539,0.074780644,0.055516801,0.078821827,0.067649851,0.045470964,0.119800701,0.152318336,0.092790683,0.126081025,0.076476729,0.038761029,0.069423031,-0.020772173,0.14151844,0.067462258,0.680325751
Thamnophis_scaliger_1,Terrestrial,generalist,American,North-Central American,0.06713468,0.086280331,0.072534307,0.06703016,0.159854696,0.061194206,0.040650636,0.080626546,0.087353679,0.037391031,0.112835968,0.155846429,0.134729491,0.152408752,0.103808455,0.004775263,0.0446461,0.020121755,0.072817044,-0.099444941,1.624589139
Thamnophis_sirtalis,Semiaquatic,generalist,American,North-Central American,0.027144443,0.020860568,0.026137844,-0.013637306,0.077512149,0.005375281,0.024243536,0.032052664,0.058841416,0.020307941,0.079070852,0.054992321,0.038793201,0.093138622,0.042925497,0.014070234,0.021667478,-0.03791429,0.029497151,0.016142368,0.266996324
Thamnophis_sumichrasti,Aquatic,generalist,American,North-Central American,0.06442877,0.07362434,0.06893467,0.059180626,0.063841779,0.041699029,0.051666443,0.054987712,0.050475451,0.058894941,0.10481232,0.018831064,0.050485748,0.052571385,0.041362221,0.055983042,0.052658115,0.017554945,0.103195113,0.063578912,-0.316719854
Thamnophis_validus,Aquatic,aquatic generalist,American,North-Central American,0.048758937,0.057540414,0.056183445,0.079401243,0.015458671,0.067445176,0.04590581,0.078972632,0.041399557,0.072169277,0.018199792,0.067345837,0.069118097,0.029182805,-0.022315033,0.062446564,0.090320316,0.042193766,0.088697998,0.055984487,-0.262595275
Trachischium_fuscum,Burrowing,annelids,Asian,Asian II,-0.142939297,-0.105065707,-0.062029612,-0.104197042,-0.241647594,-0.108663475,-0.058513259,-0.096741535,-0.095722112,0.001382168,-0.206999013,-0.297953654,-0.154404865,-0.182561479,-0.136217818,-0.008459572,-0.080896073,-0.036909895,-0.130064144,-0.23627063,-4.892447318
Trachischium_guentheri,Burrowing,annelids,Asian,Asian II,-0.13648121,-0.100659591,-0.053625378,-0.100717963,-0.251467561,-0.111263583,-0.082829373,-0.087992485,-0.085982188,-0.010837001,-0.229654821,-0.232612053,-0.146197115,-0.175944501,-0.116511899,0.031505341,-0.029027669,0.016544772,-0.092319026,-0.217621428,-4.725893124
Trachischium_laeve,Burrowing,annelids,Asian,Asian II,-0.107989319,-0.065501438,-0.033284619,0.002590942,-0.053829383,-0.01831962,0.032422193,0.022761113,0.001974289,0.021778963,-0.220201029,-0.103594928,-0.091459861,0.018549194,7.92E-04,0.090467239,0.085890106,0.049246861,-0.043377017,-0.165914806,-3.917905741
Trachischium_monticola_1,Burrowing,annelids,Asian,Asian II,-0.058632925,-0.04138171,-0.028712826,-0.013578314,-0.143235995,-0.01992012,0.016341008,-0.001873955,-0.017978553,0.044353763,-0.115992706,-0.123811941,-0.043116425,-0.114140516,-0.036674719,0.070339401,-0.002580915,0.027129142,-0.029520819,-0.16854922,-2.179922798
Trachischium_susantai,Burrowing,annelids,Asian,Asian II,-0.097286223,-0.051117167,-0.051772497,-0.087438627,-0.129623071,-0.09505609,-0.027888366,-0.02830159,-0.039346214,0.008933283,-0.12189182,-0.132107144,-0.089193205,-0.008939329,-0.107647213,-0.057540281,-0.125871502,-0.051434578,-0.126982336,-0.291496876,-4.281593012
Trachischium_tenuiceps,Burrowing,annelids,Asian,Asian II,-0.112765257,-0.057478895,-0.015862976,-0.033406876,-0.08988236,-0.040862489,-4.45E-04,-0.038775748,-0.044227642,0.001460937,-0.131203775,-0.171083554,-0.080598816,-0.057490979,-0.049554951,0.067081649,-0.015910517,3.04E-04,-0.020168552,-0.173414555,-4.320160542
Trimerodytes_aequifasciata,Aquatic,aquatic generalist,Asian,Asian IV,0.07291665,0.054593875,0.052700105,0.061850258,0.03619649,0.056397456,0.06187102,0.031225708,0.078522388,0.0538407,0.040737922,0.094139622,0.069153951,0.085065716,0.060410919,0.018780359,0.086570138,0.036074044,0.046153875,0.055358143,0.26419527
Trimerodytes_annularis,Aquatic,aquatic generalist,Asian,Asian IV,-0.006481587,0.015376704,0.002171622,0.011877826,-0.02191512,0.008958494,0.019610635,0.045288905,0.025176957,0.023480659,-0.056045123,0.076793085,0.030256504,0.013165086,4.72E-04,0.056970277,0.043869727,0.018915271,0.032029887,-0.092856056,-0.399307047
Trimerodytes_balteata,Aquatic Burrowing,fish,Asian,Asian V,-0.163130654,-0.150808059,-0.133326802,-0.093058467,-0.120245145,-0.09894192,-0.085803018,-0.090786932,-0.09925864,-0.091566639,-0.228892797,-0.068799758,-0.142963308,-0.117304369,-0.088464057,-0.044468724,-0.122865419,-0.078366753,-0.123322079,-0.19323524,-1.095452825
Trimerodytes_percarinata,Aquatic,aquatic generalist,Asian,Asian IV,0.031161976,0.022354576,0.020125035,0.034844163,0.02885356,0.034653852,0.044506867,0.047265693,0.053625064,0.052376613,0.082447373,0.094297747,0.068568245,0.052412777,0.065931697,0.045186149,0.084433109,0.0599687,0.068536687,0.103079144,0.130951903
Tropidoclonion_lineatum,Burrowing,annelids,American,North-Central American,-0.083602115,-0.055261481,-0.049254699,-0.052630155,-0.09088103,-0.071481559,-0.03329242,-0.057948663,-0.080198928,-0.005039508,-0.055428651,-0.118644221,-0.005180861,-0.154316005,-0.07193705,-0.026728819,-0.026210129,-0.063557683,0.003248459,-0.186942535,1.107523419
Tropidonophis novaeguinea,Terrestrial,unknown,Asian,Asian I,0.010017398,0.001542358,0.020598737,0.044146253,0.011279716,0.057882271,0.042683532,0.044238569,0.013931091,0.010188175,0.098931997,-0.049490212,0.085763756,0.090873454,0.070113098,0.029535538,0.040005613,-0.043367226,0.018442705,-0.117075916,-4.222396936
Tropidonophis_aenigmaticus,Terrestrial,unknown,Asian,Asian I,-0.025483846,-0.037889047,-0.028972596,-0.052431031,-0.002455287,-0.05670457,-0.037954376,-0.074108345,-0.029199153,-0.029389058,0.053319764,-0.038372964,-0.033676026,0.016129491,-0.010000563,-0.082371976,-0.056094564,-0.07561767,-0.036807617,-0.009622929,-4.24115526
Tropidonophis_celebicus,Terrestrial,unknown,Asian,Asian I,-0.021840687,-0.011004012,-0.002264271,-0.048499333,-0.015726439,-0.048564342,-0.058264775,-0.046471249,-0.028562028,-0.021888377,0.055426754,-0.046882871,-0.019637168,-0.016352333,-0.063497398,-0.062350999,0.003368954,-0.025998435,0.042210472,0.133179848,-4.171546961
Tropidonophis_dolasii,Terrestrial,unknown,Asian,Asian I,-0.065771355,-0.035417391,-0.013481507,-0.003773033,-0.022235297,-0.026700334,-0.052206717,-0.100280339,-0.011166954,0.029716675,0.014193738,-0.046200685,-0.113197779,0.026045847,-0.014599872,-0.058770327,0.021826784,5.01E-04,0.041373746,NA,-5.619718068
Tropidonophis_doriae,Terrestrial,unknown,Asian,Asian I,-0.046400491,-0.056315662,-0.038052266,-0.045806571,-0.057835198,-0.049579234,-0.053177196,-0.05712049,-0.048266912,-0.031890965,0.001255155,-0.078265165,-0.062488493,-0.034209725,-0.027310635,-0.056315699,0.005790012,0.003909384,3.59E-04,0.052778427,-3.112241043
Tropidonophis_elongatus,Terrestrial,anurans,Asian,Asian I,-0.038987724,-0.054221164,-0.054412821,-0.104669713,-0.012394824,-0.09057108,-0.080482942,-0.357515299,-0.166713857,-0.051061325,0.104133074,-0.039218633,-0.025082295,-0.00570933,-0.008821077,-0.124224614,-0.069667391,-0.043073099,-0.039353354,0.14832059,-3.818490067
Tropidonophis_halmahericus,Terrestrial,anurans,Asian,Asian I,-0.053250431,-0.082042824,-0.052144894,-0.103886103,-0.061489057,-0.123071642,-0.102812037,-0.098954872,-0.059614254,-0.072588941,0.044860967,-0.186352556,-0.124041039,0.004994924,0.008250824,-0.148606043,-0.113725673,-0.063198845,-0.056598419,0.157274644,-4.72020203
Tropidonophis_hypomelas,Terrestrial,unknown,Asian,Asian I,-0.07240041,-0.090170165,-0.093961709,-0.16908061,-0.127097622,-0.122392076,-0.149796681,-0.069096884,-0.032820312,-0.030420274,0.070656256,-0.117378275,-0.026028673,-0.051920147,-0.023866203,-0.088814325,-0.102554626,-0.075710029,-0.07810277,0.084592642,-2.819354346
Tropidonophis_mairii_brongersmai,Terrestrial,anurans,Asian,Asian I,-0.002503822,-8.41E-04,-0.020046341,0.007156101,0.042205571,-0.003583931,-0.037695765,-0.041319337,-0.008037339,0.003489643,0.039669006,-0.02655486,-0.028048428,0.021707481,-0.010632291,0.156665066,-0.024167031,-0.005735266,0.036028499,0.07968861,-3.922232182
Tropidonophis_mairii_mairii,Terrestrial,anurans,Asian,Asian I,0.012704405,-0.009451546,0.007304337,0.004429899,-0.010941635,-0.007947667,0.019738684,-0.018675363,0.002173779,0.001376563,0.021214981,0.011277845,0.022242554,0.024632753,-0.020934243,0.014121778,0.008014178,-0.007362585,0.045943165,-0.056988064,-4.485796299
Tropidonophis_mcdowelli,Terrestrial,unknown,Asian,Asian I,0.008052426,-0.036827306,-0.017835001,-0.095963343,0.010090891,-0.110631985,-0.069506637,-0.080463336,-0.026354165,-0.035991622,0.079340031,0.01523215,-0.045378612,0.034732559,-0.014478373,-0.1376469,-0.112716655,-0.078761475,-0.075620804,0.258240277,-3.550494133
Tropidonophis_multiscutellatus_3,Terrestrial,anurans,Asian,Asian I,-0.062561855,-0.094979996,-0.082131069,-0.177268524,-0.165135158,-0.160914325,-0.087858867,-0.079326585,-0.09528549,-0.075790215,0.039844971,-0.122875273,-0.131619452,-0.03683453,-0.042752858,-0.168084161,-0.073768847,-0.074763663,-0.025010252,NA,-4.340208978
Tropidonophis_parkeri,Terrestrial,unknown,Asian,Asian I,-0.040671752,-0.055292804,-0.038757932,-0.081992378,-0.053810981,-0.097765885,-0.08336096,-0.053939748,-0.049469774,-0.017083694,0.047664004,-0.076378923,-0.051101806,-0.012409196,-0.038817139,-0.136144319,-0.09552014,-0.068748003,-0.04871774,0.100443602,-4.281114037
Tropidonophis_picturatus,Terrestrial,unknown,Asian,Asian I,-0.007183717,-0.032824264,-0.013092668,-0.026983122,-0.036261407,-0.026274217,-0.047133655,-0.043271144,-0.011550193,-0.022830579,0.060403818,-0.03123969,-0.007981264,0.019376692,0.001033961,-0.050459724,-0.020450784,-0.008349921,-0.034117121,0.11562605,-4.145285701
Tropidonophis_spilogaster,Terrestrial,anurans,Asian,Asian I,-0.002624317,-0.01419995,0.030296929,-0.062606184,0.037364012,-0.037933657,-0.028291318,0.013161693,0.045420566,0.00786381,0.076716912,-0.022836612,0.014045286,0.063864784,0.016029209,-0.025777696,-0.043234322,-0.048825912,-0.042737386,NA,-1.200912543
Tropidonophis_statisticus_1,Terrestrial,unknown,Asian,Asian I,-0.079635953,-0.087141469,-0.07216693,-0.10408213,-0.013244765,-0.106494113,-0.097975834,-0.079133337,-0.078629659,-0.074772284,-0.015689571,-0.069782568,-0.085320765,0.037946333,-0.029195222,-0.11764477,-0.092975371,-0.052647068,-0.05245311,0.01036282,-4.436331664
Tropidonophis_truncatus,Terrestrial,lizards,Asian,Asian I,0.05162705,0.046771903,0.048385571,0.039074456,0.06340763,0.026615628,0.018520061,0.005626732,0.004278615,-0.033378139,0.071447006,-0.105365885,-0.02164159,0.082764908,0.071584539,-0.00694989,0.021567218,0.046347847,0.015516272,-0.088015257,-3.043891106
Virginia_valeriae_1,Burrowing,annelids,American,North-Central American,-0.043569798,-0.009380208,-0.053974027,0.019057796,-0.08477259,0.001820977,0.037595534,0.005154966,-0.046975146,0.036308243,-0.012942188,-0.063129149,-2.03E-04,-0.134219627,-0.035510479,0.04822037,0.008712182,0.015413876,-0.012028003,-0.140575182,-0.361057018
Xenochrophis_bellula,Semiaquatic,aquatic generalist,Asian,Asian I,-0.019080035,-0.040782749,-0.004938493,-0.083345884,-0.022845995,-0.037375652,0.004949539,0.005700499,-0.021767559,-0.022277086,0.069337489,0.093313263,0.041690437,0.019738762,0.0076228,-0.003114137,-0.018260678,-0.019626857,0.016066656,0.155995019,0.820879924
Xenochrophis_cerasogaster,Aquatic,aquatic generalist,Asian,Asian I,0.046272177,0.022839713,0.044644216,-0.06561476,-0.01314156,-0.073672374,-0.066641368,-0.03210674,0.029316109,0.065263227,-0.022337881,0.044743229,0.002808349,-0.106248056,-0.026612696,-0.10499897,-0.024300393,-0.050338689,-0.009948972,0.02895905,0.27057631
Xenochrophis_maculatus,Semiaquatic,aquatic generalist,Asian,Asian I,0.013460253,-0.013233143,-0.005608766,-0.081122904,-0.008671565,-0.055636281,-0.055900044,-0.023850913,0.017467797,-0.01824549,0.148991319,-0.033869347,0.022591735,0.053449081,0.014306174,-0.110612886,-0.123306683,-0.07092246,-0.097514752,0.021980439,-0.206677002
Xenochrophis_trianguligerus_1,Aquatic,generalist,Asian,Asian I,0.047465527,0.031264979,0.046513837,0.053070733,0.03585345,0.04912832,0.055035439,0.064690549,0.049473337,0.035842594,0.122137965,0.074134604,0.108857969,0.06313789,0.056380566,-9.74E-04,0.010068537,-0.004840423,0.017700613,0.15318615,-0.214298454
Xenochrophis_trianguligerus_2,Aquatic,generalist,Asian,Asian I,0.017287701,0.013118469,0.003886306,0.014113082,0.02661396,0.022652396,0.010048659,0.018395078,0.040047663,0.033231895,0.080675704,0.0435658,0.040575016,0.052489072,0.02658049,-0.018525029,0.005137166,-0.020546921,-0.018642476,0.090848764,-0.380926097
Xenochrophis_vittatus,Aquatic,aquatic generalist,Asian,Asian I,0.039533696,0.031963261,0.031864166,-0.004425447,0.017775602,-1.04E-05,-0.014168182,0.013977618,0.029774711,0.010536907,0.09798207,-0.001647897,0.043997335,0.033219787,0.014449054,0.003000765,-0.008508227,-0.036367017,0.004113548,0.108748506,0.490643463